{
  "project_info": {
    "project_number": "274304779184",
    "firebase_url": "https://appetit-42f14.firebaseio.com",
    "project_id": "appetit-42f14",
    "storage_bucket": "appetit-42f14.appspot.com"
  },
  "client": [
    {
      "client_info": {
        "mobilesdk_app_id": "1:274304779184:android:1344cdb31a1f935db1cc75",
        "android_client_info": {
          "package_name": "com.mad.mylibrary"
        }
      },
      "oauth_client": [
        {
          "client_id": "274304779184-k4d3tjbb8h68lmmt7r0a5d9glpo057bv.apps.googleusercontent.com",
          "client_type": 3
        }
      ],
      "api_key": [
        {
          "current_key": "AIzaSyD72mXMeTgb4uoCYAGebV2lwrh8w0q_8lY"
        }
      ],
      "services": {
        "appinvite_service": {
          "other_platform_oauth_client": [
            {
              "client_id": "274304779184-k4d3tjbb8h68lmmt7r0a5d9glpo057bv.apps.googleusercontent.com",
              "client_type": 3
            }
          ]
        }
      }
    },
    {
      "client_info": {
        "mobilesdk_app_id": "1:274304779184:android:68debf98976902dcb1cc75",
        "android_client_info": {
          "package_name": "com.mad.customer"
        }
      },
      "oauth_client": [
        {
          "client_id": "274304779184-k4d3tjbb8h68lmmt7r0a5d9glpo057bv.apps.googleusercontent.com",
          "client_type": 3
        }
      ],
      "api_key": [
        {
          "current_key": "AIzaSyD72mXMeTgb4uoCYAGebV2lwrh8w0q_8lY"
        }
      ],
      "services": {
        "appinvite_service": {
          "other_platform_oauth_client": [
            {
              "client_id": "274304779184-k4d3tjbb8h68lmmt7r0a5d9glpo057bv.apps.googleusercontent.com",
              "client_type": 3
            }
          ]
        }
      }
    },
    {
      "client_info": {
        "mobilesdk_app_id": "1:274304779184:android:d2a52ab14d2da6e8b1cc75",
        "android_client_info": {
          "package_name": "com.mad.riders"
        }
      },
      "oauth_client": [
        {
          "client_id": "274304779184-k4d3tjbb8h68lmmt7r0a5d9glpo057bv.apps.googleusercontent.com",
          "client_type": 3
        }
      ],
      "api_key": [
        {
          "current_key": "AIzaSyD72mXMeTgb4uoCYAGebV2lwrh8w0q_8lY"
        }
      ],
      "services": {
        "appinvite_service": {
          "other_platform_oauth_client": [
            {
              "client_id": "274304779184-k4d3tjbb8h68lmmt7r0a5d9glpo057bv.apps.googleusercontent.com",
              "client_type": 3
            }
          ]
        }
      }
    }
  ],
  "configuration_version": "1"
}