{
  "project_info": {
    "project_number": "271332724139",
    "firebase_url": "https://oops-9e2b0.firebaseio.com",
    "project_id": "oops-9e2b0",
    "storage_bucket": "oops-9e2b0.appspot.com"
  },
  "client": [
    {
      "client_info": {
        "mobilesdk_app_id": "1:271332724139:android:732f3130bda5c8dd6796ee",
        "android_client_info": {
          "package_name": "in.dete.oops"
        }
      },
      "oauth_client": [
        {
          "client_id": "271332724139-odmp7hru5g3ocdaqpdm0jcckfgkogh34.apps.googleusercontent.com",
          "client_type": 1,
          "android_info": {
            "package_name": "in.dete.oops",
            "certificate_hash": "07360efd204e55a3da9489457eea8dc1a7a1b6bf"
          }
        },
        {
          "client_id": "271332724139-gm7gafs1pn3u5qhlmf15s7nib5j7rv6i.apps.googleusercontent.com",
          "client_type": 3
        }
      ],
      "api_key": [
        {
          "current_key": "AIzaSyA_PDCYZ6hDQymHnBm5NE0nDP1C6wmAo-I"
        },
        {
          "current_key": "AIzaSyCZz2VEB_y8JckwO7LfHch4rrZzOdiDFC8"
        }
      ],
      "services": {
        "appinvite_service": {
          "other_platform_oauth_client": [
            {
              "client_id": "271332724139-gm7gafs1pn3u5qhlmf15s7nib5j7rv6i.apps.googleusercontent.com",
              "client_type": 3
            }
          ]
        }
      }
    },
    {
      "client_info": {
        "mobilesdk_app_id": "1:271332724139:android:889ba4956b87d39b6796ee",
        "android_client_info": {
          "package_name": "in.example.deliveryboy"
        }
      },
      "oauth_client": [
        {
          "client_id": "271332724139-9njl3j9vobrjnqidpvqs56vqn6h4hnq4.apps.googleusercontent.com",
          "client_type": 1,
          "android_info": {
            "package_name": "in.example.deliveryboy",
            "certificate_hash": "07360efd204e55a3da9489457eea8dc1a7a1b6bf"
          }
        },
        {
          "client_id": "271332724139-gm7gafs1pn3u5qhlmf15s7nib5j7rv6i.apps.googleusercontent.com",
          "client_type": 3
        }
      ],
      "api_key": [
        {
          "current_key": "AIzaSyA_PDCYZ6hDQymHnBm5NE0nDP1C6wmAo-I"
        },
        {
          "current_key": "AIzaSyCZz2VEB_y8JckwO7LfHch4rrZzOdiDFC8"
        }
      ],
      "services": {
        "appinvite_service": {
          "other_platform_oauth_client": [
            {
              "client_id": "271332724139-gm7gafs1pn3u5qhlmf15s7nib5j7rv6i.apps.googleusercontent.com",
              "client_type": 3
            }
          ]
        }
      }
    },
    {
      "client_info": {
        "mobilesdk_app_id": "1:271332724139:android:8e9237509d13dd436796ee",
        "android_client_info": {
          "package_name": "in.example.restaurant"
        }
      },
      "oauth_client": [
        {
          "client_id": "271332724139-1n018c3ng75e4u03kn1qesjefluqqlgb.apps.googleusercontent.com",
          "client_type": 1,
          "android_info": {
            "package_name": "in.example.restaurant",
            "certificate_hash": "07360efd204e55a3da9489457eea8dc1a7a1b6bf"
          }
        },
        {
          "client_id": "271332724139-gm7gafs1pn3u5qhlmf15s7nib5j7rv6i.apps.googleusercontent.com",
          "client_type": 3
        }
      ],
      "api_key": [
        {
          "current_key": "AIzaSyA_PDCYZ6hDQymHnBm5NE0nDP1C6wmAo-I"
        },
        {
          "current_key": "AIzaSyCZz2VEB_y8JckwO7LfHch4rrZzOdiDFC8"
        }
      ],
      "services": {
        "appinvite_service": {
          "other_platform_oauth_client": [
            {
              "client_id": "271332724139-gm7gafs1pn3u5qhlmf15s7nib5j7rv6i.apps.googleusercontent.com",
              "client_type": 3
            }
          ]
        }
      }
    },
    {
      "client_info": {
        "mobilesdk_app_id": "1:271332724139:android:fae14343c9b264256796ee",
        "android_client_info": {
          "package_name": "in.example.user"
        }
      },
      "oauth_client": [
        {
          "client_id": "271332724139-soh715dj73gcglkij605as45ob3hkelc.apps.googleusercontent.com",
          "client_type": 1,
          "android_info": {
            "package_name": "in.example.user",
            "certificate_hash": "07360efd204e55a3da9489457eea8dc1a7a1b6bf"
          }
        },
        {
          "client_id": "271332724139-gm7gafs1pn3u5qhlmf15s7nib5j7rv6i.apps.googleusercontent.com",
          "client_type": 3
        }
      ],
      "api_key": [
        {
          "current_key": "AIzaSyA_PDCYZ6hDQymHnBm5NE0nDP1C6wmAo-I"
        },
        {
          "current_key": "AIzaSyCZz2VEB_y8JckwO7LfHch4rrZzOdiDFC8"
        }
      ],
      "services": {
        "appinvite_service": {
          "other_platform_oauth_client": [
            {
              "client_id": "271332724139-gm7gafs1pn3u5qhlmf15s7nib5j7rv6i.apps.googleusercontent.com",
              "client_type": 3
            }
          ]
        }
      }
    }
  ],
  "configuration_version": "1"
}