[{"featureType":"administrative","elementType":"all","stylers":[{"visibility":"simplified"}]},{"featureType":"landscape","elementType":"geometry","stylers":[{"visibility":"simplified"},{"color":"#fcfcfc"}]},{"featureType":"poi","elementType":"geometry","stylers":[{"visibility":"simplified"},{"color":"#fcfcfc"}]},{"featureType":"road.highway","elementType":"geometry","stylers":[{"visibility":"simplified"},{"color":"#dddddd"}]},{"featureType":"road.arterial","elementType":"geometry","stylers":[{"visibility":"simplified"},{"color":"#dddddd"}]},{"featureType":"road.local","elementType":"geometry","stylers":[{"visibility":"simplified"},{"color":"#eeeeee"}]},{"featureType":"water","elementType":"geometry","stylers":[{"visibility":"simplified"},{"color":"#dddddd"}]}]